{
  "pa": {
    "region": {
      "BOC": "Bocas del Toro",
      "COL": "Colón",
      "CHI": "Chiriquí",
      "DAR": "Darién",
      "HE": "Herrera",
      "LOS": "Los Santos",
      "PAN": "Panamá",
      "PC": "Panamá Oeste",
      "VER": "Veraguas"
    }
  },
  "bo": {
    "region": {
      "BO-B": "Beni",
      "BO-H": "Chuquisaca",
      "BO-C": "Cochabamba",
      "BO-L": "La Paz",
      "BO-O": "Oruro",
      "BO-N": "Pando",
      "BO-P": "Potosí",
      "BO-S": "Santa Cruz",
      "BO-T": "Tarija"
    }
  },
  "co": {
    "region": {
      "CO-AMA": "Amazonas",
      "CO-ANT": "Antioquia",
      "CO-ARA": "Arauca",
      "CO-ATL": "Atlántico",
      "CO-BOL": "Bolívar",
      "CO-BOY": "Boyacá",
      "CO-CAL": "Caldas",
      "CO-CAQ": "Caquetá",
      "CO-CAS": "Casanare",
      "CO-CAU": "Cauca",
      "CO-CES": "Cesar",
      "CO-CHO": "Chocó",
      "CO-COR": "Córdoba",
      "CO-CUN": "Cundinamarca",
      "CO-DC": "Capital District",
      "CO-GUA": "Guainía",
      "CO-GUV": "Guaviare",
      "CO-HUI": "Huila",
      "CO-LAG": "La Guajira",
      "CO-MAG": "Magdalena",
      "CO-MET": "Meta",
      "CO-NAR": "Nariño",
      "CO-NSA": "Norte de Santander",
      "CO-PUT": "Putumayo",
      "CO-QUI": "Quindío",
      "CO-RIS": "Risaralda",
      "CO-SAN": "Santander",
      "CO-SAP": "San Andrés & Providencia",
      "CO-SUC": "Sucre",
      "CO-TOL": "Tolima",
      "CO-VAC": "Valle del Cauca",
      "CO-VAU": "Vaupés",
      "CO-VID": "Vichada"
    }
  },
  "mx": {
    "region": {
      "AGS": "Aguascalientes",
      "BC": "Baja California",
      "BCS": "Baja California Sur",
      "CAM": "Campeche",
      "CDMX": "Ciudad de México",
      "CHH": "Chihuahua",
      "CHP": "Chiapas",
      "COAH": "Coahuila",
      "COL": "Colima",
      "DGO": "Durango",
      "EM": "Estado de México",
      "GRO": "Guerrero",
      "GTO": "Guanajuato",
      "HGO": "Hidalgo",
      "JAL": "Jalisco",
      "MICH": "Michoacán",
      "MOR": "Morelos",
      "NAY": "Nayarit",
      "NL": "Nuevo León",
      "OAX": "Oaxaca",
      "PUE": "Puebla",
      "QR": "Quintana Roo",
      "QRO": "Querétaro",
      "SIN": "Sinaloa",
      "SLP": "San Luis Potosí",
      "SON": "Sonora",
      "TAB": "Tabasco",
      "TAM": "Tamaulipas",
      "TLAX": "Tlaxcala",
      "VER": "Veracruz",
      "YUC": "Yucatán",
      "ZAC": "Zacatecas"
    }
  },
  "hn": {
    "region": {
      "ATL": "Atlántida",
      "COL": "Colón",
      "COM": "Comayagua",
      "COP": "Copán",
      "COR": "Cortés",
      "CHO": "Choluteca",
      "ELP": "El Paraíso",
      "FCO": "Francisco Morazán",
      "GRA": "Gracias a Dios",
      "INT": "Intibucá",
      "ISO": "Islas de la Bahía",
      "LAU": "La Paz",
      "LMP": "Lempira",
      "OCO": "Ocotepeque",
      "OLA": "Olancho",
      "SBA": "Santa Bárbara",
      "VAL": "Valle",
      "YOR": "Yoro"
    }
  },
  "gt": {
    "region": {
      "AV": "Alta Verapaz",
      "BV": "Baja Verapaz",
      "CM": "Chimaltenango",
      "CQ": "Chiquimula",
      "ES": "Escuintla",
      "GU": "Guatemala",
      "HU": "Huehuetenango",
      "IZ": "Izabal",
      "JA": "Jalapa",
      "JU": "Jutiapa",
      "PE": "Petén",
      "PR": "El Progreso",
      "QC": "Quiché",
      "QZ": "Quetzaltenango",
      "RE": "Retalhuleu",
      "SA": "Sacatepéquez",
      "SM": "San Marcos",
      "SO": "Sololá",
      "SR": "Santa Rosa",
      "SU": "Suchitepéquez",
      "TO": "Totonicapán",
      "ZA": "Zacapa"
    }
  },
  "ca": {
    "region": {
      "AB": "Alberta",
      "BC": "British Columbia",
      "MB": "Manitoba",
      "NB": "New Brunswick",
      "NL": "Newfoundland and Labrador",
      "NS": "Nova Scotia",
      "NT": "Northwest Territories",
      "NU": "Nunavut",
      "ON": "Ontario",
      "PE": "Prince Edward Island",
      "QC": "Quebec",
      "SK": "Saskatchewan",
      "YT": "Yukon"
    }
  },
  "ec": {
    "region": {
      "AZU": "Azuay",
      "BOL": "Bolívar",
      "CAN": "Cañar",
      "CAR": "Carchi",
      "CHI": "Chimborazo",
      "COT": "Cotopaxi",
      "EOR": "El Oro",
      "ESM": "Esmeraldas",
      "GAL": "Galápagos",
      "GUA": "Guayas",
      "IMB": "Imbabura",
      "LOJ": "Loja",
      "LOS": "Los Ríos",
      "MAN": "Manabí",
      "NAP": "Napo",
      "ORE": "Orellana",
      "PAS": "Pastaza",
      "PIN": "Pichincha",
      "SUC": "Sucumbíos",
      "TUN": "Tungurahua",
      "ZAM": "Zamora-Chinchipe"
    }
  },
  "pe": {
    "region": {
      "AMA": "Amazonas",
      "ANC": "Áncash",
      "APU": "Apurímac",
      "ARE": "Arequím",
      "AYA": "Ayacucho",
      "CAJ": "Cajamarca",
      "CAL": "Callao",
      "CUS": "Cusco",
      "HUC": "Huánuco",
      "HUV": "Huancavelica",
      "ICA": "Ica",
      "JUN": "Junín",
      "LAL": "La Libertad",
      "LAM": "Lambayeque",
      "LIM": "Lima",
      "LOR": "Loreto",
      "MDD": "Madre de Dios",
      "MOQ": "Moquegua",
      "PAS": "Pasco",
      "PIU": "Piura",
      "PUN": "Puno",
      "SAM": "San Martín",
      "TAC": "Tacna",
      "TUM": "Tumbes",
      "UCA": "Ucayali"
    }
  },
  "us": {
    "region": {
      "AK": "Alaska",
      "AL": "Alabama",
      "AR": "Arkansas",
      "AZ": "Arizona",
      "CA": "California",
      "CO": "Colorado",
      "CT": "Connecticut",
      "DC": "District of Columbia",
      "DE": "Delaware",
      "FL": "Florida",
      "GA": "Georgia",
      "HI": "Hawaii",
      "IA": "Iowa",
      "ID": "Idaho",
      "IL": "Illinois",
      "IN": "Indiana",
      "KS": "Kansas",
      "KY": "Kentucky",
      "LA": "Louisiana",
      "MA": "Massachusetts",
      "MD": "Maryland",
      "ME": "Maine",
      "MI": "Michigan",
      "MN": "Minnesota",
      "MO": "Missouri",
      "MS": "Mississippi",
      "MT": "Montana",
      "NC": "North Carolina",
      "ND": "North Dakota",
      "NE": "Nebraska",
      "NH": "New Hampshire",
      "NJ": "New Jersey",
      "NM": "New Mexico",
      "NV": "Nevada",
      "NY": "New York",
      "OH": "Ohio",
      "OK": "Oklahoma",
      "OR": "Oregon",
      "PA": "Pennsylvania",
      "RI": "Rhode Island",
      "SC": "South Carolina",
      "SD": "South Dakota",
      "TN": "Tennessee",
      "TX": "Texas",
      "UT": "Utah",
      "VA": "Virginia",
      "VT": "Vermont",
      "WA": "Washington",
      "WI": "Wisconsin",
      "WV": "West Virginia",
      "WY": "Wyoming"
    }
  },
  "cr": {
    "region": {
      "ALA": "Alajuela",
      "CAR": "Cartago",
      "GUA": "Guanacaste",
      "HER": "Heredia",
      "LIM": "Limón",
      "PUN": "Puntarenas",
      "SJO": "San José"
    }
  },
  "sv": {
    "region": {
      "AHU": "Ahuachapán",
      "CAB": "Cabañas",
      "CHL": "Chalatenango",
      "CUS": "Cuscatlán",
      "LAL": "La Libertad",
      "LAM": "La Paz",
      "LUN": "La Unión",
      "MOR": "Morazán",
      "SAN": "San Miguel",
      "SVD": "San Salvador",
      "SANV": "San Vicente",
      "SUA": "Santa Ana",
      "SON": "Sonsonate",
      "USU": "Usulután"
    }
  },
  "do": {
    "region": {
      "AZU": "Azua",
      "BAH": "Bahoruco",
      "BAR": "Barahona",
      "DAS": "Distrito Nacional",
      "DUA": "Duarte",
      "ELI": "Elías Piña",
      "ESC": "Espaillat",
      "HER": "Hermanas Mirabal",
      "HAT": "Hato Mayor",
      "IND": "Independencia",
      "LAL": "La Altagracia",
      "LAM": "La Romana",
      "VEG": "La Vega",
      "MAR": "María Trinidad Sánchez",
      "MON": "Monseñor Nouel",
      "MONC": "Monte Cristi",
      "MP": "Monte Plata",
      "PED": "Pedernales",
      "PER": "Peravia",
      "PP": "Puerto Plata",
      "SAM": "Samaná",
      "SANC": "San Cristóbal",
      "SAND": "San José de Ocoa",
      "SANA": "San Juan",
      "SANP": "San Pedro de Macorís",
      "SAN": "Santiago",
      "SVE": "Santiago Rodríguez",
      "VAL": "Valverde"
    }
  },
  "pr": {
    "region": {
      "AGU": "Aguadilla",
      "ARE": "Arecibo",
      "BAR": "Bayamón",
      "CAB": "Cabo Rojo",
      "CAR": "Carolina",
      "CAG": "Caguas",
      "FAJ": "Fajardo",
      "GUA": "Guayama",
      "HUM": "Humacao",
      "MAY": "Mayagüez",
      "PON": "Ponce",
      "SAN": "San Juan",
      "VEG": "Vega Baja",
      "YAU": "Yauco"
    }
  },
  "ve": {
    "region": {
      "AMS": "Amazonas",
      "ANZ": "Anzoátegui",
      "APU": "Apure",
      "BAR": "Barinas",
      "CAR": "Bolívar",
      "DEA": "Delta Amacuro",
      "FAL": "Falcón",
      "GUA": "Guárico",
      "LAR": "Lara",
      "MIR": "Miranda",
      "MON": "Monagas",
      "NUE": "Nueva Esparta",
      "PORT": "Portuguesa",
      "SUC": "Sucre",
      "TAC": "Táchira",
      "TRU": "Trujillo",
      "YAR": "Yaracuy",
      "ZUL": "Zulia",
      "DC": "Distrito Capital"
    }
  },
  "hk": {
        "region": {
          "HCW": "Central and Western",
          "HEA": "Eastern",
          "HSK": "Southern",
          "HWC": "Wan Chai",
          "KKT": "Kowloon City",
          "KKTW": "Kwun Tong",
          "KSS": "Sham Shui Po",
          "KWT": "Wong Tai Sin",
          "KYT": "Yau Tsim Mong",
          "NIS": "Islands",
          "NKT": "Kwai Tsing",
          "NTN": "North",
          "ST": "Sai Kung",
          "STW": "Sha Tin",
          "TP": "Tai Po",
          "TM": "Tuen Mun",
          "TW": "Tsuen Wan",
          "YL": "Yuen Long"
        }
      },
      "id": {
        "region": {
          "AC": "Aceh",
          "BA": "Bali",
          "BB": "Bangka Belitung Islands",
          "BT": "Banten",
          "BE": "Bengkulu",
          "GO": "Gorontalo",
          "JK": "Jakarta",
          "JA": "Jambi",
          "JB": "West Java",
          "JT": "Central Java",
          "JI": "East Java",
          "KB": "West Kalimantan",
          "KS": "South Kalimantan",
          "KT": "Central Kalimantan",
          "KI": "East Kalimantan",
          "KU": "North Kalimantan",
          "LA": "Lampung",
          "MA": "Maluku",
          "MU": "North Maluku",
          "NB": "West Nusa Tenggara",
          "NT": "East Nusa Tenggara",
          "PA": "Papua",
          "PB": "West Papua",
          "RI": "Riau",
          "KR": "Riau Islands",
          "SA": "South Sulawesi",
          "ST": "Central Sulawesi",
          "SG": "Southeast Sulawesi",
          "SN": "North Sulawesi",
          "SR": "West Sulawesi",
          "SS": "South Sumatra",
          "SB": "West Sumatra",
          "SU": "North Sumatra",
          "YO": "Yogyakarta"
        }
      },
      "kr": {
        "region": {
          "KR-11": "Seoul",
          "KR-26": "Busan",
          "KR-27": "Daegu",
          "KR-28": "Incheon",
          "KR-29": "Gwangju",
          "KR-30": "Daejeon",
          "KR-31": "Ulsan",
          "KR-41": "Gyeonggi",
          "KR-42": "Gangwon",
          "KR-43": "North Chungcheong",
          "KR-44": "South Chungcheong",
          "KR-45": "North Jeolla",
          "KR-46": "South Jeolla",
          "KR-47": "North Gyeongsang",
          "KR-48": "South Gyeongsang",
          "KR-49": "Jeju"
        }
      },
      "my": {
        "region": {
          "JHR": "Johor",
          "KDH": "Kedah",
          "KTN": "Kelantan",
          "MLK": "Malacca",
          "NSN": "Negeri Sembilan",
          "PHG": "Pahang",
          "PNG": "Penang",
          "PRK": "Perak",
          "PLS": "Perlis",
          "SBH": "Sabah",
          "SWK": "Sarawak",
          "SGR": "Selangor",
          "TRG": "Terengganu",
          "KUL": "Kuala Lumpur",
          "LBN": "Labuan",
          "PJY": "Putrajaya"
        }
      },
      "ph": {
        "region": {
          "NCR": "National Capital Region",
          "CAR": "Cordillera Administrative Region",
          "REG-I": "Ilocos Region",
          "REG-II": "Cagayan Valley",
          "REG-III": "Central Luzon",
          "REG-IV-A": "Calabarzon",
          "REG-IV-B": "Mimaropa",
          "REG-V": "Bicol Region",
          "REG-VI": "Western Visayas",
          "REG-VII": "Central Visayas",
          "REG-VIII": "Eastern Visayas",
          "REG-IX": "Zamboanga Peninsula",
          "REG-X": "Northern Mindanao",
          "REG-XI": "Davao Region",
          "REG-XII": "Soccsksargen",
          "REG-XIII": "Caraga",
          "BARMM": "Bangsamoro Autonomous Region in Muslim Mindanao"
        }
      },
      "sg": {
        "region": {
          "01": "Central Region",
          "02": "East Region",
          "03": "North Region",
          "04": "North-East Region",
          "05": "West Region"
        }
      },
      "tw": {
        "region": {
          "TPE": "Taipei",
          "NWT": "New Taipei",
          "KHH": "Kaohsiung",
          "TNN": "Tainan",
          "TAO": "Taoyuan",
          "TAC": "Taichung",
          "KEE": "Keelung",
          "HUA": "Hualien",
          "ILA": "Yilan",
          "CHI": "Chiayi",
          "HSQ": "Hsinchu",
          "MIA": "Miaoli",
          "NTC": "Nantou",
          "PIF": "Pingtung",
          "TTC": "Taitung",
          "YUN": "Yunlin",
          "KMN": "Kinmen",
          "LIE": "Lienchiang",
          "PEN": "Penghu"
        }
      },
      "at": {
          "region": {
            "B": "Burgenland",
            "K": "Carinthia",
            "N": "Lower Austria",
            "O": "Upper Austria",
            "S": "Salzburg",
            "ST": "Styria",
            "T": "Tyrol",
            "V": "Vorarlberg",
            "W": "Vienna"
          }
        },
        "be": {
          "region": {
            "BRU": "Brussels-Capital",
            "VLG": "Flemish Region",
            "WAL": "Walloon Region"
          }
        },
        "bg": {
          "region": {
            "BG-01": "Blagoevgrad",
            "BG-02": "Burgas",
            "BG-03": "Dobrich",
            "BG-04": "Gabrovo",
            "BG-05": "Haskovo",
            "BG-06": "Kardzhali",
            "BG-07": "Kyustendil",
            "BG-08": "Lovech",
            "BG-09": "Montana",
            "BG-10": "Pazardzhik",
            "BG-11": "Pernik",
            "BG-12": "Pleven",
            "BG-13": "Plovdiv",
            "BG-14": "Razgrad",
            "BG-15": "Ruse",
            "BG-16": "Shumen",
            "BG-17": "Silistra",
            "BG-18": "Sliven",
            "BG-19": "Smolyan",
            "BG-20": "Sofia",
            "BG-21": "Stara Zagora",
            "BG-22": "Targovishte",
            "BG-23": "Varna",
            "BG-24": "Veliko Tarnovo",
            "BG-25": "Vidin",
            "BG-26": "Vratsa",
            "BG-27": "Yambol"
          }
        },
        "hr": {
          "region": {
            "01": "Zagreb",
            "02": "Krapina-Zagorje",
            "03": "Sisak-Moslavina",
            "04": "Karlovac",
            "05": "Varaždin",
            "06": "Koprivnica-Križevci",
            "07": "Bjelovar-Bilogora",
            "08": "Primorje-Gorski Kotar",
            "09": "Lika-Senj",
            "10": "Virovitica-Podravina",
            "11": "Požega-Slavonia",
            "12": "Brod-Posavina",
            "13": "Zadar",
            "14": "Osijek-Baranja",
            "15": "Šibenik-Knin",
            "16": "Vukovar-Srijem",
            "17": "Split-Dalmatia",
            "18": "Istria",
            "19": "Dubrovnik-Neretva",
            "20": "Međimurje"
          }
        },
        "cy": {
          "region": {
            "01": "Nicosia",
            "02": "Limassol",
            "03": "Larnaca",
            "04": "Famagusta",
            "05": "Paphos",
            "06": "Kyrenia"
          }
        },
        "cz": {
          "region": {
            "PR": "Prague",
            "ST": "Central Bohemian",
            "JC": "South Bohemian",
            "PL": "Pilsen",
            "KA": "Karlovy Vary",
            "US": "Ústí nad Labem",
            "LB": "Liberec",
            "HK": "Hradec Králové",
            "PA": "Pardubice",
            "VY": "Vysočina",
            "JM": "South Moravian",
            "OL": "Olomouc",
            "ZL": "Zlín",
            "MS": "Moravian-Silesian"
          }
        },
        "dk": {
          "region": {
            "H": "Capital",
            "M": "Central Denmark",
            "N": "North Denmark",
            "S": "Zealand",
            "W": "Southern Denmark"
          }
        },
        "ee": {
          "region": {
            "HA": "Harju",
            "HI": "Hiiu",
            "IDA": "Ida-Viru",
            "JAR": "Järva",
            "JOG": "Jõgeva",
            "LA": "Lääne",
            "LAA": "Lääne-Viru",
            "PAR": "Pärnu",
            "POL": "Põlva",
            "RAP": "Rapla",
            "SAR": "Saare",
            "TAR": "Tartu",
            "VAL": "Valga",
            "VIL": "Viljandi",
            "VOR": "Võru"
          }
        },
        "fr": {
          "region": {
            "ARA": "Auvergne-Rhône-Alpes",
            "BFC": "Bourgogne-Franche-Comté",
            "BRE": "Brittany",
            "CVL": "Centre-Val de Loire",
            "COR": "Corsica",
            "GES": "Grand Est",
            "HDF": "Hauts-de-France",
            "IDF": "Île-de-France",
            "NOR": "Normandy",
            "NAQ": "Nouvelle-Aquitaine",
            "OCC": "Occitanie",
            "PDL": "Pays de la Loire",
            "PAC": "Provence-Alpes-Côte d'Azur"
          }
        },
        "de": {
          "region": {
            "BW": "Baden-Württemberg",
            "BY": "Bavaria",
            "BE": "Berlin",
            "BB": "Brandenburg",
            "HB": "Bremen",
            "HH": "Hamburg",
            "HE": "Hesse",
            "MV": "Mecklenburg-Vorpommern",
            "NI": "Lower Saxony",
            "NW": "North Rhine-Westphalia",
            "RP": "Rhineland-Palatinate",
            "SL": "Saarland",
            "SN": "Saxony",
            "ST": "Saxony-Anhalt",
            "SH": "Schleswig-Holstein",
            "TH": "Thuringia"
          }
        },
        "es": {
          "region": {
            "AN": "Andalusia",
            "AR": "Aragon",
            "AS": "Asturias",
            "IB": "Balearic Islands",
            "CN": "Canary Islands",
            "CB": "Cantabria",
            "CL": "Castile and León",
            "CM": "Castilla-La Mancha",
            "CT": "Catalonia",
            "EX": "Extremadura",
            "GA": "Galicia",
            "MD": "Madrid",
            "MC": "Murcia",
            "NC": "Navarre",
            "PV": "Basque Country",
            "RI": "La Rioja",
            "VC": "Valencia"
          }
        },
        "gr": {
          "region": {
            "A": "Attica",
            "C": "Central Greece",
            "E": "Central Macedonia",
            "K": "Crete",
            "D": "Eastern Macedonia and Thrace",
            "I": "Epirus",
            "F": "Ionian Islands",
            "M": "North Aegean",
            "J": "Peloponnese",
            "H": "South Aegean",
            "L": "Thessaly",
            "G": "Western Greece",
            "B": "Western Macedonia"
          }
        },
        "ie": {
          "region": {
            "C": "Connacht",
            "L": "Leinster",
            "M": "Munster",
            "U": "Ulster"
          }
        },
        "it": {
          "region": {
            "ABR": "Abruzzo",
            "BAS": "Basilicata",
            "CAL": "Calabria",
            "CAM": "Campania",
            "EMR": "Emilia-Romagna",
            "FVG": "Friuli Venezia Giulia",
            "LAZ": "Lazio",
            "LIG": "Liguria",
            "LOM": "Lombardy",
            "MAR": "Marche",
            "MOL": "Molise",
            "PMN": "Piedmont",
            "PUG": "Apulia",
            "SAR": "Sardinia",
            "SIC": "Sicily",
            "TOS": "Tuscany",
            "TAA": "Trentino-Alto Adige/Südtirol",
            "UMB": "Umbria",
            "VAO": "Aosta Valley",
            "VEN": "Veneto"
          }
        },
        "pl": {
          "region": {
            "DS": "Lower Silesian",
            "KP": "Kuyavian-Pomeranian",
            "LB": "Lubusz",
            "LD": "Łódź",
            "LU": "Lublin",
            "MA": "Lesser Poland",
            "MZ": "Masovian",
            "OP": "Opole",
            "PK": "Subcarpathian",
            "PD": "Podlaskie",
            "PM": "Pomeranian",
            "SL": "Silesian",
            "SK": "Świętokrzyskie",
            "WN": "Warmian-Masurian",
            "WP": "Greater Poland",
            "ZP": "West Pomeranian"
          }
        },
        "pt": {
          "region": {
            "AC": "Azores",
            "AV": "Aveiro",
            "BE": "Beja",
            "BR": "Braga",
            "CB": "Castelo Branco",
            "CO": "Coimbra",
            "EV": "Évora",
            "FA": "Faro",
            "GU": "Guarda",
            "LE": "Leiria",
            "LI": "Lisbon",
            "PO": "Porto",
            "PT": "Portalegre",
            "SE": "Setúbal",
            "VC": "Viana do Castelo",
            "VR": "Vila Real",
            "VI": "Viseu",
            "MA": "Madeira"
          }
        },
        "gb": {
          "region": {
            "ENG": "England",
            "NIR": "Northern Ireland",
            "SCT": "Scotland",
            "WLS": "Wales"
          }
        }
}
